ID,TARGET
Kenya_1,0
Kenya_10,0
Kenya_100,0
Kenya_1000,1
Kenya_1001,1
Kenya_101,0
Kenya_102,0
Kenya_103,0
Kenya_104,0
Kenya_105,0
Kenya_106,0
Kenya_107,0
Kenya_108,0
Kenya_109,0
Kenya_11,0
Kenya_110,0
Kenya_111,0
Kenya_112,0
Kenya_113,0
Kenya_114,0
Kenya_115,0
Kenya_116,0
Kenya_117,1
Kenya_118,0
Kenya_119,0
Kenya_12,0
Kenya_120,0
Kenya_121,0
Kenya_122,0
Kenya_123,0
Kenya_124,0
Kenya_125,0
Kenya_126,0
Kenya_127,0
Kenya_128,0
Kenya_129,0
Kenya_13,0
Kenya_130,0
Kenya_131,0
Kenya_132,0
Kenya_133,0
Kenya_134,0
Kenya_135,0
Kenya_136,0
Kenya_137,0
Kenya_138,0
Kenya_139,0
Kenya_14,0
Kenya_140,0
Kenya_141,0
Kenya_142,0
Kenya_143,0
Kenya_144,0
Kenya_145,0
Kenya_146,0
Kenya_147,0
Kenya_148,0
Kenya_149,0
Kenya_15,1
Kenya_150,0
Kenya_151,0
Kenya_152,0
Kenya_153,0
Kenya_154,0
Kenya_155,0
Kenya_156,0
Kenya_157,0
Kenya_158,0
Kenya_159,0
Kenya_16,0
Kenya_160,0
Kenya_161,0
Kenya_162,0
Kenya_163,0
Kenya_164,0
Kenya_165,0
Kenya_166,0
Kenya_167,0
Kenya_168,0
Kenya_169,0
Kenya_17,0
Kenya_170,0
Kenya_171,0
Kenya_172,0
Kenya_173,0
Kenya_174,0
Kenya_175,0
Kenya_176,0
Kenya_177,0
Kenya_178,0
Kenya_179,0
Kenya_18,0
Kenya_180,0
Kenya_181,0
Kenya_182,0
Kenya_183,1
Kenya_184,0
Kenya_185,0
Kenya_186,0
Kenya_187,1
Kenya_188,0
Kenya_189,0
Kenya_19,0
Kenya_190,0
Kenya_191,0
Kenya_192,0
Kenya_193,0
Kenya_194,0
Kenya_195,0
Kenya_196,0
Kenya_197,0
Kenya_198,0
Kenya_199,0
Kenya_2,0
Kenya_20,0
Kenya_200,0
Kenya_201,0
Kenya_202,0
Kenya_203,0
Kenya_204,0
Kenya_205,0
Kenya_206,0
Kenya_207,0
Kenya_208,0
Kenya_209,0
Kenya_21,0
Kenya_210,0
Kenya_211,0
Kenya_212,0
Kenya_213,0
Kenya_214,0
Kenya_215,0
Kenya_216,0
Kenya_217,0
Kenya_218,0
Kenya_219,0
Kenya_22,0
Kenya_220,0
Kenya_221,0
Kenya_222,0
Kenya_223,0
Kenya_224,0
Kenya_225,0
Kenya_226,0
Kenya_227,0
Kenya_228,0
Kenya_229,0
Kenya_23,0
Kenya_230,0
Kenya_231,0
Kenya_232,0
Kenya_233,0
Kenya_234,0
Kenya_235,1
Kenya_236,1
Kenya_237,0
Kenya_238,0
Kenya_239,0
Kenya_24,0
Kenya_240,0
Kenya_241,0
Kenya_242,0
Kenya_243,0
Kenya_244,0
Kenya_245,0
Kenya_246,0
Kenya_247,0
Kenya_248,0
Kenya_249,0
Kenya_25,0
Kenya_250,0
Kenya_251,0
Kenya_252,1
Kenya_253,0
Kenya_254,0
Kenya_255,0
Kenya_256,0
Kenya_257,0
Kenya_258,0
Kenya_259,0
Kenya_26,0
Kenya_260,0
Kenya_261,0
Kenya_262,0
Kenya_263,0
Kenya_264,0
Kenya_265,0
Kenya_266,0
Kenya_267,0
Kenya_268,0
Kenya_269,0
Kenya_27,0
Kenya_270,0
Kenya_271,0
Kenya_272,0
Kenya_273,0
Kenya_274,0
Kenya_275,0
Kenya_276,0
Kenya_277,0
Kenya_278,0
Kenya_279,0
Kenya_28,0
Kenya_280,0
Kenya_281,0
Kenya_282,0
Kenya_283,0
Kenya_284,0
Kenya_285,0
Kenya_286,0
Kenya_287,0
Kenya_288,0
Kenya_289,0
Kenya_29,0
Kenya_290,0
Kenya_291,0
Kenya_292,0
Kenya_293,0
Kenya_294,0
Kenya_295,0
Kenya_296,0
Kenya_297,0
Kenya_298,0
Kenya_299,0
Kenya_3,0
Kenya_30,0
Kenya_300,0
Kenya_301,0
Kenya_302,0
Kenya_303,0
Kenya_304,0
Kenya_305,0
Kenya_306,0
Kenya_307,0
Kenya_308,0
Kenya_309,0
Kenya_31,0
Kenya_310,0
Kenya_311,0
Kenya_312,0
Kenya_313,0
Kenya_314,0
Kenya_315,0
Kenya_316,0
Kenya_317,0
Kenya_318,0
Kenya_319,0
Kenya_32,0
Kenya_320,0
Kenya_321,0
Kenya_322,0
Kenya_323,0
Kenya_324,0
Kenya_325,0
Kenya_326,0
Kenya_327,0
Kenya_328,0
Kenya_329,0
Kenya_33,0
Kenya_330,0
Kenya_331,0
Kenya_332,0
Kenya_333,0
Kenya_334,0
Kenya_335,0
Kenya_336,0
Kenya_337,0
Kenya_338,0
Kenya_339,0
Kenya_34,0
Kenya_340,0
Kenya_341,0
Kenya_342,0
Kenya_343,0
Kenya_344,0
Kenya_345,0
Kenya_346,0
Kenya_347,1
Kenya_348,0
Kenya_349,0
Kenya_35,0
Kenya_350,0
Kenya_351,0
Kenya_352,0
Kenya_353,0
Kenya_354,0
Kenya_355,0
Kenya_356,0
Kenya_357,0
Kenya_358,0
Kenya_359,0
Kenya_36,0
Kenya_360,0
Kenya_361,0
Kenya_362,0
Kenya_363,0
Kenya_364,0
Kenya_365,0
Kenya_366,0
Kenya_367,0
Kenya_368,0
Kenya_369,0
Kenya_37,0
Kenya_370,0
Kenya_371,0
Kenya_372,0
Kenya_373,0
Kenya_374,0
Kenya_375,0
Kenya_376,0
Kenya_377,0
Kenya_378,0
Kenya_379,0
Kenya_38,0
Kenya_380,0
Kenya_381,0
Kenya_382,0
Kenya_383,0
Kenya_384,0
Kenya_385,1
Kenya_386,0
Kenya_387,0
Kenya_388,1
Kenya_389,0
Kenya_39,0
Kenya_390,0
Kenya_391,0
Kenya_392,0
Kenya_393,0
Kenya_394,0
Kenya_395,0
Kenya_396,0
Kenya_397,0
Kenya_398,0
Kenya_399,0
Kenya_4,0
Kenya_40,0
Kenya_400,0
Kenya_401,0
Kenya_402,0
Kenya_403,0
Kenya_404,0
Kenya_405,0
Kenya_406,0
Kenya_407,1
Kenya_408,0
Kenya_409,0
Kenya_41,0
Kenya_410,0
Kenya_411,0
Kenya_412,0
Kenya_413,0
Kenya_414,0
Kenya_415,0
Kenya_416,0
Kenya_417,1
Kenya_418,0
Kenya_419,0
Kenya_42,0
Kenya_420,0
Kenya_421,0
Kenya_422,0
Kenya_423,0
Kenya_424,0
Kenya_425,0
Kenya_426,0
Kenya_427,0
Kenya_428,0
Kenya_429,0
Kenya_43,0
Kenya_430,0
Kenya_431,0
Kenya_432,0
Kenya_433,0
Kenya_434,0
Kenya_435,0
Kenya_436,0
Kenya_437,0
Kenya_438,0
Kenya_439,0
Kenya_44,0
Kenya_440,0
Kenya_441,0
Kenya_442,0
Kenya_443,0
Kenya_444,0
Kenya_445,0
Kenya_446,0
Kenya_447,0
Kenya_448,0
Kenya_449,0
Kenya_45,0
Kenya_450,0
Kenya_451,0
Kenya_452,1
Kenya_453,0
Kenya_454,0
Kenya_455,0
Kenya_456,0
Kenya_457,0
Kenya_458,0
Kenya_459,0
Kenya_46,0
Kenya_460,0
Kenya_461,0
Kenya_462,0
Kenya_463,0
Kenya_464,0
Kenya_465,0
Kenya_466,0
Kenya_467,0
Kenya_468,0
Kenya_469,0
Kenya_47,0
Kenya_470,0
Kenya_471,0
Kenya_472,0
Kenya_473,0
Kenya_474,0
Kenya_475,0
Kenya_476,0
Kenya_477,0
Kenya_478,0
Kenya_479,0
Kenya_48,0
Kenya_480,0
Kenya_481,0
Kenya_482,0
Kenya_483,0
Kenya_484,0
Kenya_485,0
Kenya_486,0
Kenya_487,0
Kenya_488,0
Kenya_489,0
Kenya_49,0
Kenya_490,0
Kenya_491,1
Kenya_492,1
Kenya_493,1
Kenya_494,1
Kenya_495,1
Kenya_496,1
Kenya_497,1
Kenya_498,1
Kenya_499,1
Kenya_5,0
Kenya_50,0
Kenya_500,1
Kenya_501,1
Kenya_502,1
Kenya_503,1
Kenya_504,1
Kenya_505,1
Kenya_506,1
Kenya_507,1
Kenya_508,1
Kenya_509,1
Kenya_51,0
Kenya_510,1
Kenya_511,1
Kenya_512,1
Kenya_513,1
Kenya_514,1
Kenya_515,1
Kenya_516,1
Kenya_517,1
Kenya_518,1
Kenya_519,1
Kenya_52,0
Kenya_520,1
Kenya_521,1
Kenya_522,1
Kenya_523,1
Kenya_524,1
Kenya_525,1
Kenya_526,1
Kenya_527,1
Kenya_528,1
Kenya_529,1
Kenya_53,0
Kenya_530,1
Kenya_531,1
Kenya_532,1
Kenya_533,1
Kenya_534,1
Kenya_535,1
Kenya_536,1
Kenya_537,1
Kenya_538,1
Kenya_539,1
Kenya_54,1
Kenya_540,1
Kenya_541,1
Kenya_542,1
Kenya_543,1
Kenya_544,1
Kenya_545,1
Kenya_546,1
Kenya_547,1
Kenya_548,1
Kenya_549,1
Kenya_55,0
Kenya_550,1
Kenya_551,1
Kenya_552,1
Kenya_553,1
Kenya_554,1
Kenya_555,1
Kenya_556,0
Kenya_557,1
Kenya_558,1
Kenya_559,1
Kenya_56,0
Kenya_560,1
Kenya_561,1
Kenya_562,1
Kenya_563,1
Kenya_564,1
Kenya_565,1
Kenya_566,1
Kenya_567,1
Kenya_568,1
Kenya_569,1
Kenya_57,0
Kenya_570,1
Kenya_571,1
Kenya_572,1
Kenya_573,1
Kenya_574,1
Kenya_575,1
Kenya_576,1
Kenya_577,1
Kenya_578,1
Kenya_579,1
Kenya_58,0
Kenya_580,1
Kenya_581,1
Kenya_582,1
Kenya_583,1
Kenya_584,1
Kenya_585,1
Kenya_586,1
Kenya_587,1
Kenya_588,1
Kenya_589,1
Kenya_59,0
Kenya_590,1
Kenya_591,1
Kenya_592,1
Kenya_593,1
Kenya_594,1
Kenya_595,1
Kenya_596,1
Kenya_597,1
Kenya_598,0
Kenya_599,1
Kenya_6,0
Kenya_60,0
Kenya_600,1
Kenya_601,1
Kenya_602,1
Kenya_603,1
Kenya_604,1
Kenya_605,1
Kenya_606,1
Kenya_607,1
Kenya_608,1
Kenya_609,1
Kenya_61,0
Kenya_610,1
Kenya_611,1
Kenya_612,1
Kenya_613,1
Kenya_614,1
Kenya_615,1
Kenya_616,1
Kenya_617,1
Kenya_618,1
Kenya_619,1
Kenya_62,0
Kenya_620,1
Kenya_621,1
Kenya_622,1
Kenya_623,1
Kenya_624,0
Kenya_625,0
Kenya_626,1
Kenya_627,1
Kenya_628,1
Kenya_629,1
Kenya_63,0
Kenya_630,1
Kenya_631,1
Kenya_632,1
Kenya_633,1
Kenya_634,1
Kenya_635,1
Kenya_636,1
Kenya_637,1
Kenya_638,0
Kenya_639,1
Kenya_64,0
Kenya_640,1
Kenya_641,1
Kenya_642,1
Kenya_643,1
Kenya_644,1
Kenya_645,1
Kenya_646,1
Kenya_647,1
Kenya_648,1
Kenya_649,1
Kenya_65,0
Kenya_650,1
Kenya_651,1
Kenya_652,1
Kenya_653,1
Kenya_654,1
Kenya_655,1
Kenya_656,1
Kenya_657,1
Kenya_658,1
Kenya_659,1
Kenya_66,0
Kenya_660,1
Kenya_661,1
Kenya_662,1
Kenya_663,1
Kenya_664,1
Kenya_665,1
Kenya_666,1
Kenya_667,1
Kenya_668,1
Kenya_669,1
Kenya_67,0
Kenya_670,1
Kenya_671,1
Kenya_672,1
Kenya_673,1
Kenya_674,1
Kenya_675,1
Kenya_676,1
Kenya_677,1
Kenya_678,1
Kenya_679,1
Kenya_68,0
Kenya_680,1
Kenya_681,1
Kenya_682,1
Kenya_683,1
Kenya_684,1
Kenya_685,1
Kenya_686,1
Kenya_687,0
Kenya_688,1
Kenya_689,1
Kenya_69,0
Kenya_690,0
Kenya_691,1
Kenya_692,1
Kenya_693,1
Kenya_694,1
Kenya_695,1
Kenya_696,1
Kenya_697,1
Kenya_698,1
Kenya_699,1
Kenya_7,0
Kenya_70,0
Kenya_700,1
Kenya_701,1
Kenya_702,1
Kenya_703,1
Kenya_704,1
Kenya_705,1
Kenya_706,1
Kenya_707,1
Kenya_708,1
Kenya_709,0
Kenya_71,0
Kenya_710,1
Kenya_711,1
Kenya_712,1
Kenya_713,1
Kenya_714,1
Kenya_715,1
Kenya_716,1
Kenya_717,1
Kenya_718,1
Kenya_719,1
Kenya_72,0
Kenya_720,1
Kenya_721,1
Kenya_722,1
Kenya_723,1
Kenya_724,0
Kenya_725,1
Kenya_726,1
Kenya_727,1
Kenya_728,1
Kenya_729,1
Kenya_73,0
Kenya_730,1
Kenya_731,1
Kenya_732,0
Kenya_733,1
Kenya_734,1
Kenya_735,1
Kenya_736,1
Kenya_737,1
Kenya_738,1
Kenya_739,1
Kenya_74,0
Kenya_740,1
Kenya_741,1
Kenya_742,1
Kenya_743,0
Kenya_744,1
Kenya_745,1
Kenya_746,1
Kenya_747,0
Kenya_748,1
Kenya_749,1
Kenya_75,0
Kenya_750,1
Kenya_751,1
Kenya_752,1
Kenya_753,1
Kenya_754,1
Kenya_755,1
Kenya_756,1
Kenya_757,1
Kenya_758,1
Kenya_759,1
Kenya_76,0
Kenya_760,1
Kenya_761,1
Kenya_762,1
Kenya_763,1
Kenya_764,1
Kenya_765,1
Kenya_766,1
Kenya_767,1
Kenya_768,1
Kenya_769,1
Kenya_77,0
Kenya_770,1
Kenya_771,1
Kenya_772,1
Kenya_773,1
Kenya_774,1
Kenya_775,1
Kenya_776,1
Kenya_777,1
Kenya_778,1
Kenya_779,1
Kenya_78,0
Kenya_780,1
Kenya_781,1
Kenya_782,1
Kenya_783,1
Kenya_784,1
Kenya_785,1
Kenya_786,1
Kenya_787,1
Kenya_788,1
Kenya_789,1
Kenya_79,0
Kenya_790,1
Kenya_791,1
Kenya_792,1
Kenya_793,1
Kenya_794,1
Kenya_795,1
Kenya_796,1
Kenya_797,1
Kenya_798,1
Kenya_799,1
Kenya_8,0
Kenya_80,0
Kenya_800,1
Kenya_801,1
Kenya_802,1
Kenya_803,1
Kenya_804,1
Kenya_805,1
Kenya_806,1
Kenya_807,1
Kenya_808,1
Kenya_809,1
Kenya_81,0
Kenya_810,1
Kenya_811,1
Kenya_812,1
Kenya_813,0
Kenya_814,0
Kenya_815,1
Kenya_816,1
Kenya_817,1
Kenya_818,1
Kenya_819,1
Kenya_82,0
Kenya_820,1
Kenya_821,1
Kenya_822,1
Kenya_823,1
Kenya_824,1
Kenya_825,1
Kenya_826,1
Kenya_827,0
Kenya_828,0
Kenya_829,1
Kenya_83,0
Kenya_830,1
Kenya_831,1
Kenya_832,1
Kenya_833,1
Kenya_834,1
Kenya_835,1
Kenya_836,1
Kenya_837,1
Kenya_838,1
Kenya_839,0
Kenya_84,0
Kenya_840,1
Kenya_841,1
Kenya_842,1
Kenya_843,1
Kenya_844,1
Kenya_845,1
Kenya_846,1
Kenya_847,1
Kenya_848,1
Kenya_849,1
Kenya_85,0
Kenya_850,1
Kenya_851,1
Kenya_852,1
Kenya_853,1
Kenya_854,1
Kenya_855,1
Kenya_856,0
Kenya_857,1
Kenya_858,1
Kenya_859,1
Kenya_86,0
Kenya_860,1
Kenya_861,1
Kenya_862,0
Kenya_863,1
Kenya_864,1
Kenya_865,1
Kenya_866,1
Kenya_867,1
Kenya_868,1
Kenya_869,1
Kenya_87,0
Kenya_870,1
Kenya_871,1
Kenya_872,1
Kenya_873,1
Kenya_874,1
Kenya_875,1
Kenya_876,1
Kenya_877,1
Kenya_878,1
Kenya_879,1
Kenya_88,0
Kenya_880,1
Kenya_881,1
Kenya_882,1
Kenya_883,1
Kenya_884,1
Kenya_885,1
Kenya_886,1
Kenya_887,1
Kenya_888,1
Kenya_889,1
Kenya_89,0
Kenya_890,1
Kenya_891,1
Kenya_892,1
Kenya_893,1
Kenya_894,1
Kenya_895,1
Kenya_896,1
Kenya_897,1
Kenya_898,1
Kenya_899,1
Kenya_9,0
Kenya_90,0
Kenya_900,1
Kenya_901,1
Kenya_902,1
Kenya_903,1
Kenya_904,1
Kenya_905,1
Kenya_906,1
Kenya_907,1
Kenya_908,1
Kenya_909,1
Kenya_91,0
Kenya_910,1
Kenya_911,1
Kenya_912,1
Kenya_913,1
Kenya_914,1
Kenya_915,1
Kenya_916,1
Kenya_917,1
Kenya_918,1
Kenya_919,1
Kenya_92,0
Kenya_920,0
Kenya_921,1
Kenya_922,1
Kenya_923,1
Kenya_924,1
Kenya_925,1
Kenya_926,1
Kenya_927,1
Kenya_928,1
Kenya_929,1
Kenya_93,0
Kenya_930,1
Kenya_931,1
Kenya_932,1
Kenya_933,1
Kenya_934,1
Kenya_935,1
Kenya_936,1
Kenya_937,1
Kenya_938,1
Kenya_939,1
Kenya_94,0
Kenya_940,1
Kenya_941,1
Kenya_942,1
Kenya_943,1
Kenya_944,1
Kenya_945,1
Kenya_946,1
Kenya_947,1
Kenya_948,1
Kenya_949,1
Kenya_95,0
Kenya_950,1
Kenya_951,1
Kenya_952,1
Kenya_953,1
Kenya_954,1
Kenya_955,1
Kenya_956,1
Kenya_957,1
Kenya_958,1
Kenya_959,1
Kenya_96,1
Kenya_960,1
Kenya_961,1
Kenya_962,1
Kenya_963,1
Kenya_964,1
Kenya_965,1
Kenya_966,1
Kenya_967,1
Kenya_968,1
Kenya_969,1
Kenya_97,0
Kenya_970,1
Kenya_971,1
Kenya_972,1
Kenya_973,1
Kenya_974,1
Kenya_975,1
Kenya_976,1
Kenya_977,1
Kenya_978,1
Kenya_979,1
Kenya_98,1
Kenya_980,1
Kenya_981,1
Kenya_982,1
Kenya_983,1
Kenya_984,1
Kenya_985,1
Kenya_986,1
Kenya_987,1
Kenya_988,1
Kenya_989,1
Kenya_99,1
Kenya_990,1
Kenya_991,1
Kenya_992,1
Kenya_993,1
Kenya_994,1
Kenya_995,1
Kenya_996,1
Kenya_997,1
Kenya_998,1
Kenya_999,1
Spain_1,0
Spain_10,0
Spain_100,0
Spain_101,1
Spain_102,0
Spain_103,0
Spain_104,0
Spain_105,1
Spain_106,0
Spain_107,0
Spain_108,0
Spain_109,0
Spain_11,0
Spain_110,0
Spain_111,0
Spain_112,0
Spain_113,0
Spain_114,0
Spain_115,0
Spain_116,0
Spain_117,0
Spain_118,0
Spain_119,0
Spain_12,0
Spain_120,0
Spain_121,1
Spain_122,0
Spain_123,0
Spain_124,0
Spain_125,0
Spain_126,0
Spain_127,0
Spain_128,0
Spain_129,0
Spain_13,0
Spain_130,0
Spain_131,0
Spain_132,0
Spain_133,0
Spain_134,1
Spain_135,0
Spain_136,0
Spain_137,0
Spain_138,0
Spain_139,0
Spain_14,0
Spain_140,0
Spain_141,0
Spain_142,0
Spain_143,0
Spain_144,0
Spain_145,0
Spain_146,0
Spain_147,0
Spain_148,0
Spain_149,0
Spain_15,0
Spain_150,0
Spain_151,0
Spain_152,0
Spain_153,0
Spain_154,1
Spain_155,0
Spain_156,0
Spain_157,0
Spain_158,0
Spain_159,0
Spain_16,0
Spain_160,0
Spain_161,0
Spain_162,0
Spain_163,0
Spain_164,0
Spain_165,0
Spain_166,0
Spain_167,0
Spain_168,0
Spain_169,0
Spain_17,0
Spain_170,0
Spain_171,0
Spain_172,0
Spain_173,0
Spain_174,0
Spain_175,0
Spain_176,0
Spain_177,0
Spain_178,0
Spain_179,0
Spain_18,1
Spain_180,0
Spain_181,0
Spain_182,0
Spain_183,0
Spain_184,0
Spain_185,0
Spain_186,0
Spain_187,0
Spain_188,0
Spain_189,0
Spain_19,0
Spain_190,0
Spain_191,0
Spain_192,0
Spain_193,0
Spain_194,0
Spain_195,0
Spain_196,0
Spain_197,0
Spain_198,0
Spain_199,0
Spain_2,1
Spain_20,0
Spain_200,0
Spain_201,0
Spain_202,0
Spain_203,0
Spain_204,0
Spain_205,1
Spain_206,0
Spain_207,0
Spain_208,0
Spain_209,0
Spain_21,0
Spain_210,0
Spain_211,0
Spain_212,0
Spain_213,0
Spain_214,0
Spain_215,0
Spain_216,0
Spain_217,0
Spain_218,0
Spain_219,0
Spain_22,0
Spain_220,0
Spain_221,1
Spain_222,0
Spain_223,0
Spain_224,0
Spain_225,0
Spain_226,0
Spain_227,0
Spain_228,0
Spain_229,0
Spain_23,0
Spain_230,0
Spain_231,0
Spain_232,0
Spain_233,0
Spain_234,0
Spain_235,0
Spain_236,0
Spain_237,0
Spain_238,0
Spain_239,0
Spain_24,0
Spain_240,0
Spain_241,0
Spain_242,0
Spain_243,0
Spain_244,0
Spain_245,0
Spain_246,0
Spain_247,0
Spain_248,0
Spain_249,0
Spain_25,0
Spain_250,1
Spain_251,0
Spain_252,0
Spain_253,0
Spain_254,0
Spain_255,0
Spain_256,0
Spain_257,0
Spain_258,0
Spain_259,0
Spain_26,0
Spain_260,0
Spain_261,0
Spain_262,0
Spain_263,0
Spain_264,0
Spain_265,0
Spain_266,0
Spain_267,0
Spain_268,1
Spain_269,1
Spain_27,0
Spain_270,0
Spain_271,0
Spain_272,0
Spain_273,0
Spain_274,0
Spain_275,1
Spain_276,0
Spain_277,0
Spain_278,0
Spain_279,0
Spain_28,0
Spain_280,0
Spain_281,0
Spain_282,0
Spain_283,0
Spain_284,0
Spain_285,0
Spain_286,0
Spain_287,0
Spain_288,0
Spain_289,1
Spain_29,0
Spain_290,0
Spain_291,0
Spain_292,0
Spain_293,0
Spain_294,0
Spain_295,0
Spain_296,0
Spain_297,0
Spain_298,0
Spain_299,0
Spain_3,0
Spain_30,0
Spain_300,0
Spain_301,0
Spain_302,0
Spain_303,0
Spain_304,0
Spain_305,0
Spain_306,0
Spain_307,0
Spain_308,0
Spain_309,0
Spain_31,0
Spain_310,0
Spain_311,0
Spain_312,0
Spain_313,0
Spain_314,0
Spain_315,0
Spain_316,0
Spain_317,0
Spain_318,0
Spain_319,0
Spain_32,0
Spain_320,0
Spain_321,0
Spain_322,0
Spain_323,0
Spain_324,0
Spain_325,0
Spain_326,0
Spain_327,0
Spain_328,0
Spain_329,0
Spain_33,0
Spain_330,0
Spain_331,0
Spain_332,0
Spain_333,0
Spain_334,0
Spain_335,0
Spain_336,0
Spain_337,0
Spain_338,0
Spain_339,0
Spain_34,0
Spain_340,1
Spain_341,0
Spain_342,1
Spain_343,0
Spain_344,0
Spain_345,0
Spain_346,0
Spain_347,0
Spain_348,0
Spain_349,1
Spain_35,0
Spain_350,1
Spain_351,1
Spain_352,1
Spain_353,0
Spain_354,1
Spain_355,1
Spain_356,1
Spain_357,1
Spain_358,0
Spain_359,1
Spain_36,0
Spain_360,1
Spain_361,1
Spain_362,1
Spain_363,1
Spain_364,1
Spain_365,1
Spain_366,1
Spain_367,1
Spain_368,1
Spain_369,1
Spain_37,0
Spain_370,1
Spain_371,1
Spain_372,1
Spain_373,1
Spain_374,1
Spain_375,1
Spain_376,1
Spain_377,1
Spain_378,0
Spain_379,1
Spain_38,0
Spain_380,1
Spain_381,1
Spain_382,1
Spain_383,1
Spain_384,1
Spain_385,1
Spain_386,1
Spain_387,1
Spain_388,1
Spain_389,1
Spain_39,0
Spain_390,1
Spain_391,0
Spain_392,1
Spain_393,1
Spain_394,1
Spain_395,1
Spain_396,1
Spain_397,1
Spain_398,1
Spain_399,1
Spain_4,0
Spain_40,0
Spain_400,1
Spain_401,1
Spain_402,1
Spain_403,1
Spain_404,1
Spain_405,1
Spain_406,1
Spain_407,1
Spain_408,1
Spain_409,1
Spain_41,0
Spain_410,1
Spain_411,1
Spain_412,1
Spain_413,1
Spain_414,1
Spain_415,1
Spain_416,1
Spain_417,1
Spain_418,1
Spain_419,1
Spain_42,0
Spain_420,1
Spain_421,1
Spain_422,1
Spain_423,1
Spain_424,1
Spain_425,1
Spain_426,1
Spain_427,0
Spain_428,1
Spain_429,1
Spain_43,0
Spain_430,1
Spain_431,1
Spain_432,1
Spain_433,1
Spain_434,1
Spain_435,0
Spain_436,1
Spain_437,1
Spain_438,1
Spain_439,1
Spain_44,0
Spain_440,1
Spain_441,1
Spain_442,1
Spain_443,1
Spain_444,1
Spain_445,1
Spain_446,1
Spain_447,1
Spain_448,1
Spain_449,1
Spain_45,0
Spain_450,1
Spain_451,1
Spain_452,1
Spain_453,1
Spain_454,1
Spain_455,0
Spain_456,1
Spain_457,1
Spain_458,1
Spain_459,1
Spain_46,0
Spain_460,1
Spain_461,0
Spain_462,1
Spain_463,1
Spain_464,1
Spain_465,1
Spain_466,1
Spain_467,1
Spain_468,1
Spain_469,1
Spain_47,1
Spain_470,1
Spain_471,1
Spain_472,1
Spain_473,1
Spain_474,1
Spain_475,1
Spain_476,1
Spain_477,1
Spain_478,1
Spain_479,1
Spain_48,0
Spain_480,1
Spain_481,1
Spain_482,1
Spain_483,1
Spain_484,1
Spain_485,1
Spain_486,1
Spain_487,1
Spain_488,1
Spain_489,1
Spain_49,0
Spain_490,1
Spain_491,1
Spain_492,1
Spain_493,1
Spain_494,1
Spain_495,1
Spain_496,1
Spain_497,1
Spain_498,1
Spain_499,1
Spain_5,0
Spain_50,0
Spain_500,1
Spain_501,1
Spain_502,1
Spain_503,1
Spain_504,1
Spain_505,1
Spain_506,1
Spain_507,1
Spain_508,0
Spain_509,1
Spain_51,0
Spain_510,1
Spain_511,1
Spain_512,1
Spain_513,1
Spain_514,1
Spain_515,1
Spain_516,1
Spain_517,1
Spain_518,1
Spain_519,1
Spain_52,0
Spain_520,1
Spain_521,1
Spain_522,1
Spain_523,0
Spain_524,1
Spain_525,1
Spain_526,1
Spain_527,0
Spain_528,1
Spain_529,1
Spain_53,0
Spain_530,1
Spain_531,1
Spain_532,1
Spain_533,1
Spain_534,1
Spain_535,1
Spain_536,1
Spain_537,1
Spain_538,1
Spain_539,1
Spain_54,0
Spain_540,1
Spain_541,1
Spain_542,1
Spain_543,1
Spain_544,1
Spain_545,1
Spain_546,1
Spain_547,1
Spain_548,1
Spain_549,0
Spain_55,0
Spain_550,1
Spain_551,1
Spain_552,1
Spain_553,1
Spain_554,1
Spain_555,1
Spain_556,0
Spain_557,1
Spain_558,1
Spain_559,1
Spain_56,0
Spain_560,1
Spain_561,1
Spain_562,1
Spain_563,1
Spain_564,1
Spain_565,1
Spain_566,1
Spain_567,1
Spain_568,1
Spain_569,1
Spain_57,0
Spain_570,1
Spain_571,1
Spain_572,0
Spain_573,1
Spain_574,1
Spain_575,1
Spain_576,1
Spain_577,1
Spain_578,1
Spain_579,1
Spain_58,0
Spain_580,1
Spain_581,1
Spain_582,1
Spain_583,1
Spain_584,1
Spain_585,1
Spain_586,1
Spain_587,1
Spain_588,1
Spain_589,1
Spain_59,0
Spain_590,1
Spain_591,1
Spain_592,1
Spain_593,1
Spain_594,1
Spain_595,1
Spain_596,1
Spain_597,1
Spain_598,1
Spain_599,1
Spain_6,0
Spain_60,0
Spain_600,1
Spain_601,1
Spain_602,1
Spain_603,1
Spain_604,1
Spain_605,1
Spain_606,1
Spain_607,1
Spain_608,1
Spain_609,1
Spain_61,0
Spain_610,1
Spain_611,1
Spain_612,1
Spain_613,1
Spain_614,1
Spain_615,1
Spain_616,1
Spain_617,1
Spain_618,1
Spain_619,1
Spain_62,0
Spain_620,1
Spain_621,1
Spain_622,1
Spain_623,1
Spain_624,1
Spain_625,1
Spain_626,1
Spain_627,1
Spain_628,1
Spain_629,0
Spain_63,0
Spain_630,1
Spain_631,1
Spain_632,1
Spain_633,1
Spain_634,1
Spain_635,1
Spain_636,1
Spain_637,1
Spain_638,1
Spain_639,1
Spain_64,0
Spain_640,1
Spain_641,1
Spain_642,0
Spain_643,1
Spain_644,1
Spain_645,1
Spain_646,1
Spain_647,1
Spain_648,1
Spain_649,1
Spain_65,0
Spain_650,1
Spain_651,1
Spain_652,1
Spain_653,1
Spain_654,1
Spain_655,1
Spain_656,1
Spain_657,1
Spain_658,1
Spain_659,1
Spain_66,0
Spain_660,0
Spain_661,1
Spain_662,1
Spain_663,1
Spain_664,1
Spain_665,1
Spain_666,1
Spain_667,1
Spain_668,1
Spain_669,1
Spain_67,0
Spain_670,1
Spain_671,1
Spain_672,1
Spain_673,1
Spain_674,1
Spain_675,1
Spain_676,1
Spain_677,1
Spain_678,1
Spain_679,1
Spain_68,0
Spain_680,1
Spain_681,1
Spain_682,1
Spain_683,1
Spain_684,1
Spain_685,1
Spain_686,1
Spain_687,1
Spain_688,1
Spain_689,1
Spain_69,0
Spain_690,1
Spain_691,1
Spain_692,1
Spain_693,1
Spain_694,1
Spain_695,1
Spain_696,1
Spain_697,1
Spain_698,1
Spain_699,1
Spain_7,0
Spain_70,0
Spain_700,1
Spain_701,1
Spain_702,1
Spain_703,1
Spain_704,1
Spain_705,1
Spain_706,1
Spain_707,1
Spain_708,1
Spain_709,1
Spain_71,0
Spain_710,1
Spain_711,1
Spain_712,1
Spain_713,1
Spain_714,1
Spain_715,1
Spain_716,1
Spain_717,1
Spain_718,1
Spain_719,1
Spain_72,0
Spain_720,1
Spain_721,1
Spain_722,1
Spain_723,1
Spain_724,1
Spain_725,1
Spain_726,1
Spain_727,1
Spain_728,1
Spain_729,1
Spain_73,1
Spain_730,1
Spain_731,1
Spain_732,1
Spain_733,1
Spain_734,1
Spain_735,1
Spain_736,1
Spain_737,1
Spain_738,1
Spain_739,1
Spain_74,0
Spain_740,1
Spain_741,1
Spain_742,1
Spain_743,1
Spain_744,1
Spain_745,1
Spain_746,1
Spain_747,1
Spain_748,1
Spain_749,1
Spain_75,0
Spain_750,1
Spain_751,1
Spain_752,1
Spain_753,1
Spain_754,1
Spain_755,1
Spain_756,1
Spain_757,1
Spain_758,1
Spain_759,1
Spain_76,0
Spain_760,1
Spain_761,1
Spain_762,1
Spain_763,1
Spain_764,1
Spain_765,1
Spain_766,1
Spain_767,1
Spain_768,1
Spain_769,0
Spain_77,0
Spain_770,1
Spain_771,1
Spain_772,1
Spain_773,1
Spain_774,1
Spain_775,1
Spain_776,1
Spain_777,1
Spain_778,1
Spain_779,1
Spain_78,0
Spain_780,1
Spain_781,1
Spain_782,1
Spain_783,1
Spain_784,1
Spain_785,1
Spain_786,1
Spain_787,1
Spain_788,1
Spain_789,1
Spain_79,0
Spain_790,1
Spain_791,1
Spain_792,1
Spain_793,1
Spain_794,1
Spain_795,1
Spain_796,1
Spain_797,1
Spain_798,1
Spain_799,1
Spain_8,0
Spain_80,0
Spain_800,1
Spain_801,1
Spain_802,1
Spain_803,1
Spain_804,1
Spain_805,1
Spain_806,1
Spain_807,1
Spain_808,1
Spain_809,1
Spain_81,0
Spain_810,1
Spain_811,1
Spain_812,1
Spain_813,1
Spain_814,1
Spain_815,1
Spain_816,1
Spain_817,1
Spain_818,0
Spain_819,1
Spain_82,0
Spain_820,1
Spain_821,1
Spain_822,1
Spain_823,1
Spain_824,1
Spain_825,1
Spain_826,1
Spain_827,1
Spain_828,0
Spain_829,1
Spain_83,0
Spain_830,0
Spain_831,1
Spain_832,1
Spain_833,1
Spain_834,1
Spain_835,1
Spain_836,1
Spain_837,1
Spain_838,1
Spain_839,1
Spain_84,0
Spain_840,1
Spain_841,1
Spain_842,1
Spain_843,1
Spain_844,1
Spain_845,1
Spain_846,1
Spain_847,1
Spain_848,1
Spain_85,0
Spain_86,0
Spain_87,0
Spain_88,0
Spain_89,0
Spain_9,0
Spain_90,0
Spain_91,0
Spain_92,0
Spain_93,0
Spain_94,0
Spain_95,0
Spain_96,0
Spain_97,0
Spain_98,0
Spain_99,0
VNM_1,1
VNM_10,0
VNM_100,0
VNM_101,0
VNM_102,0
VNM_103,0
VNM_104,0
VNM_105,0
VNM_106,0
VNM_107,0
VNM_108,0
VNM_109,0
VNM_11,1
VNM_110,0
VNM_111,0
VNM_112,0
VNM_113,0
VNM_114,0
VNM_115,0
VNM_116,0
VNM_117,0
VNM_118,0
VNM_119,0
VNM_12,0
VNM_120,1
VNM_121,0
VNM_122,0
VNM_123,0
VNM_124,0
VNM_125,0
VNM_126,0
VNM_127,0
VNM_128,0
VNM_129,0
VNM_13,0
VNM_130,0
VNM_131,0
VNM_132,0
VNM_133,0
VNM_134,0
VNM_135,0
VNM_136,0
VNM_137,0
VNM_138,0
VNM_139,0
VNM_14,0
VNM_140,0
VNM_141,0
VNM_142,0
VNM_143,0
VNM_144,1
VNM_145,0
VNM_146,0
VNM_147,0
VNM_148,0
VNM_149,0
VNM_15,0
VNM_150,0
VNM_151,1
VNM_152,0
VNM_153,0
VNM_154,0
VNM_155,0
VNM_156,0
VNM_157,0
VNM_158,0
VNM_159,0
VNM_16,0
VNM_160,0
VNM_161,0
VNM_162,0
VNM_163,0
VNM_164,0
VNM_165,0
VNM_166,0
VNM_167,0
VNM_168,0
VNM_169,0
VNM_17,0
VNM_170,0
VNM_171,0
VNM_172,0
VNM_173,0
VNM_174,0
VNM_175,0
VNM_176,0
VNM_177,0
VNM_178,0
VNM_179,0
VNM_18,0
VNM_180,0
VNM_181,0
VNM_182,0
VNM_183,0
VNM_184,0
VNM_185,0
VNM_186,0
VNM_187,0
VNM_188,0
VNM_189,0
VNM_19,0
VNM_190,0
VNM_191,0
VNM_192,0
VNM_193,0
VNM_194,0
VNM_195,0
VNM_196,0
VNM_197,0
VNM_198,0
VNM_199,0
VNM_2,1
VNM_20,0
VNM_200,0
VNM_201,0
VNM_202,0
VNM_203,0
VNM_204,0
VNM_205,0
VNM_206,0
VNM_207,0
VNM_208,0
VNM_209,0
VNM_21,1
VNM_210,0
VNM_211,0
VNM_212,0
VNM_213,0
VNM_214,0
VNM_215,0
VNM_216,0
VNM_217,0
VNM_218,0
VNM_219,0
VNM_22,1
VNM_220,0
VNM_221,0
VNM_222,0
VNM_223,0
VNM_224,0
VNM_225,0
VNM_226,0
VNM_227,0
VNM_228,0
VNM_229,0
VNM_23,1
VNM_230,0
VNM_231,0
VNM_232,0
VNM_233,0
VNM_234,0
VNM_235,0
VNM_236,0
VNM_237,0
VNM_238,0
VNM_239,0
VNM_24,1
VNM_240,0
VNM_241,0
VNM_242,0
VNM_243,0
VNM_244,0
VNM_245,0
VNM_246,0
VNM_247,0
VNM_248,0
VNM_249,0
VNM_25,1
VNM_250,0
VNM_251,0
VNM_252,0
VNM_253,0
VNM_254,0
VNM_255,0
VNM_256,0
VNM_257,0
VNM_258,0
VNM_259,0
VNM_26,0
VNM_260,0
VNM_261,0
VNM_262,0
VNM_263,0
VNM_264,0
VNM_265,0
VNM_266,0
VNM_267,0
VNM_268,0
VNM_269,0
VNM_27,0
VNM_270,0
VNM_271,0
VNM_272,0
VNM_273,0
VNM_274,0
VNM_275,0
VNM_276,0
VNM_277,0
VNM_278,0
VNM_279,0
VNM_28,0
VNM_280,0
VNM_281,0
VNM_282,0
VNM_283,0
VNM_284,0
VNM_285,0
VNM_286,0
VNM_287,0
VNM_288,0
VNM_289,0
VNM_29,0
VNM_290,0
VNM_291,0
VNM_292,0
VNM_293,1
VNM_294,0
VNM_295,0
VNM_296,0
VNM_297,0
VNM_298,0
VNM_299,0
VNM_3,0
VNM_30,0
VNM_300,0
VNM_301,0
VNM_302,0
VNM_303,0
VNM_304,0
VNM_305,0
VNM_306,0
VNM_307,0
VNM_308,0
VNM_309,0
VNM_31,0
VNM_310,0
VNM_311,0
VNM_312,0
VNM_313,0
VNM_314,0
VNM_315,0
VNM_316,0
VNM_317,0
VNM_318,0
VNM_319,0
VNM_32,0
VNM_320,0
VNM_321,0
VNM_322,0
VNM_323,0
VNM_324,0
VNM_325,0
VNM_326,0
VNM_327,0
VNM_328,0
VNM_329,0
VNM_33,0
VNM_330,0
VNM_331,0
VNM_332,0
VNM_333,0
VNM_334,0
VNM_335,0
VNM_336,0
VNM_337,0
VNM_338,0
VNM_339,0
VNM_34,0
VNM_340,0
VNM_341,0
VNM_342,0
VNM_343,0
VNM_344,0
VNM_345,0
VNM_346,0
VNM_347,0
VNM_348,0
VNM_349,0
VNM_35,0
VNM_350,0
VNM_351,0
VNM_352,0
VNM_353,0
VNM_354,0
VNM_355,0
VNM_356,0
VNM_357,0
VNM_358,0
VNM_359,0
VNM_36,0
VNM_360,0
VNM_361,0
VNM_362,0
VNM_363,0
VNM_364,0
VNM_365,0
VNM_366,0
VNM_367,0
VNM_368,0
VNM_369,0
VNM_37,0
VNM_370,0
VNM_371,0
VNM_372,0
VNM_373,0
VNM_374,0
VNM_375,0
VNM_376,0
VNM_377,0
VNM_378,0
VNM_379,0
VNM_38,0
VNM_380,0
VNM_381,0
VNM_382,0
VNM_383,0
VNM_384,0
VNM_385,0
VNM_386,0
VNM_387,0
VNM_388,0
VNM_389,0
VNM_39,0
VNM_390,0
VNM_391,0
VNM_392,0
VNM_393,0
VNM_394,0
VNM_395,0
VNM_396,0
VNM_397,0
VNM_398,1
VNM_399,0
VNM_4,1
VNM_40,0
VNM_400,0
VNM_401,0
VNM_402,0
VNM_403,0
VNM_404,0
VNM_405,0
VNM_406,0
VNM_407,0
VNM_408,0
VNM_409,0
VNM_41,0
VNM_410,0
VNM_411,0
VNM_412,0
VNM_413,0
VNM_414,0
VNM_415,0
VNM_416,0
VNM_417,0
VNM_418,0
VNM_419,0
VNM_42,0
VNM_420,0
VNM_421,0
VNM_422,0
VNM_423,0
VNM_424,0
VNM_425,0
VNM_426,0
VNM_427,0
VNM_428,0
VNM_429,0
VNM_43,0
VNM_430,0
VNM_431,0
VNM_432,0
VNM_433,0
VNM_434,0
VNM_435,0
VNM_436,0
VNM_437,0
VNM_438,0
VNM_439,0
VNM_44,1
VNM_440,0
VNM_441,0
VNM_442,0
VNM_443,0
VNM_444,0
VNM_445,0
VNM_446,0
VNM_447,0
VNM_448,0
VNM_449,0
VNM_45,0
VNM_450,0
VNM_451,0
VNM_452,0
VNM_453,0
VNM_454,0
VNM_455,0
VNM_456,0
VNM_457,0
VNM_458,0
VNM_459,0
VNM_46,0
VNM_460,0
VNM_461,0
VNM_462,0
VNM_463,0
VNM_464,0
VNM_465,0
VNM_466,0
VNM_467,0
VNM_468,0
VNM_469,0
VNM_47,0
VNM_470,0
VNM_471,0
VNM_472,0
VNM_473,0
VNM_474,0
VNM_475,0
VNM_476,0
VNM_477,0
VNM_478,0
VNM_479,0
VNM_48,0
VNM_480,0
VNM_481,0
VNM_482,0
VNM_483,0
VNM_484,0
VNM_485,0
VNM_486,0
VNM_487,0
VNM_488,0
VNM_489,0
VNM_49,0
VNM_490,0
VNM_491,0
VNM_492,0
VNM_493,0
VNM_494,0
VNM_495,0
VNM_496,0
VNM_497,0
VNM_498,1
VNM_499,1
VNM_5,1
VNM_50,0
VNM_500,1
VNM_501,1
VNM_502,1
VNM_503,1
VNM_504,1
VNM_505,1
VNM_506,1
VNM_507,1
VNM_508,1
VNM_509,1
VNM_51,0
VNM_510,1
VNM_511,1
VNM_512,1
VNM_513,1
VNM_514,1
VNM_515,1
VNM_516,1
VNM_517,1
VNM_518,1
VNM_519,1
VNM_52,1
VNM_520,1
VNM_521,1
VNM_522,0
VNM_523,1
VNM_524,0
VNM_525,1
VNM_526,0
VNM_527,1
VNM_528,1
VNM_529,1
VNM_53,1
VNM_530,1
VNM_531,1
VNM_532,1
VNM_533,1
VNM_534,1
VNM_535,1
VNM_536,1
VNM_537,1
VNM_538,1
VNM_539,1
VNM_54,1
VNM_540,1
VNM_541,1
VNM_542,1
VNM_543,1
VNM_544,1
VNM_545,1
VNM_546,1
VNM_547,1
VNM_548,1
VNM_549,1
VNM_55,1
VNM_550,1
VNM_551,1
VNM_552,1
VNM_553,1
VNM_554,1
VNM_555,1
VNM_556,1
VNM_557,1
VNM_558,1
VNM_559,1
VNM_56,1
VNM_560,0
VNM_561,1
VNM_562,1
VNM_563,1
VNM_564,1
VNM_565,1
VNM_566,0
VNM_567,1
VNM_568,1
VNM_569,0
VNM_57,0
VNM_570,1
VNM_571,1
VNM_572,1
VNM_573,1
VNM_574,0
VNM_575,1
VNM_576,1
VNM_577,1
VNM_578,1
VNM_579,1
VNM_58,1
VNM_580,1
VNM_581,1
VNM_582,1
VNM_583,1
VNM_584,1
VNM_585,1
VNM_586,1
VNM_587,1
VNM_588,1
VNM_589,1
VNM_59,0
VNM_590,0
VNM_591,1
VNM_592,1
VNM_593,1
VNM_594,1
VNM_595,1
VNM_596,1
VNM_597,0
VNM_598,1
VNM_599,1
VNM_6,1
VNM_60,1
VNM_600,1
VNM_601,0
VNM_602,1
VNM_603,1
VNM_604,1
VNM_605,1
VNM_606,1
VNM_607,1
VNM_608,1
VNM_609,1
VNM_61,1
VNM_610,1
VNM_611,0
VNM_612,1
VNM_613,1
VNM_614,1
VNM_615,1
VNM_616,1
VNM_617,1
VNM_618,1
VNM_619,1
VNM_62,0
VNM_620,1
VNM_621,1
VNM_622,1
VNM_623,1
VNM_624,1
VNM_625,0
VNM_626,1
VNM_627,1
VNM_628,1
VNM_629,1
VNM_63,0
VNM_630,1
VNM_631,1
VNM_632,1
VNM_633,0
VNM_634,1
VNM_635,1
VNM_636,1
VNM_637,1
VNM_638,1
VNM_639,1
VNM_64,0
VNM_640,1
VNM_641,1
VNM_642,1
VNM_643,1
VNM_644,1
VNM_645,1
VNM_646,1
VNM_647,1
VNM_648,1
VNM_649,1
VNM_65,0
VNM_650,1
VNM_651,1
VNM_652,1
VNM_653,1
VNM_654,1
VNM_655,1
VNM_656,0
VNM_657,1
VNM_658,1
VNM_659,1
VNM_66,0
VNM_660,1
VNM_661,1
VNM_662,1
VNM_663,1
VNM_664,1
VNM_665,1
VNM_666,1
VNM_667,1
VNM_668,1
VNM_669,1
VNM_67,0
VNM_670,1
VNM_671,1
VNM_672,1
VNM_673,1
VNM_674,1
VNM_675,1
VNM_676,1
VNM_677,1
VNM_678,1
VNM_679,1
VNM_68,0
VNM_680,1
VNM_681,1
VNM_682,1
VNM_683,1
VNM_684,1
VNM_685,1
VNM_686,1
VNM_687,1
VNM_688,1
VNM_689,1
VNM_69,0
VNM_690,0
VNM_691,1
VNM_692,1
VNM_693,1
VNM_694,1
VNM_695,1
VNM_696,1
VNM_697,1
VNM_698,1
VNM_699,1
VNM_7,1
VNM_70,0
VNM_700,1
VNM_701,1
VNM_702,1
VNM_703,1
VNM_704,1
VNM_705,1
VNM_706,1
VNM_707,0
VNM_708,1
VNM_709,1
VNM_71,0
VNM_710,1
VNM_711,1
VNM_712,1
VNM_713,1
VNM_714,1
VNM_715,1
VNM_716,1
VNM_717,1
VNM_718,0
VNM_719,1
VNM_72,0
VNM_720,1
VNM_721,1
VNM_722,1
VNM_723,1
VNM_724,1
VNM_725,1
VNM_726,1
VNM_727,1
VNM_728,1
VNM_729,1
VNM_73,0
VNM_730,1
VNM_731,1
VNM_732,1
VNM_733,1
VNM_734,1
VNM_735,1
VNM_736,1
VNM_737,1
VNM_738,1
VNM_739,1
VNM_74,0
VNM_740,1
VNM_741,1
VNM_742,1
VNM_743,1
VNM_744,1
VNM_745,1
VNM_746,1
VNM_747,1
VNM_748,1
VNM_749,0
VNM_75,0
VNM_750,1
VNM_751,1
VNM_752,1
VNM_753,1
VNM_754,1
VNM_755,1
VNM_756,0
VNM_757,1
VNM_758,1
VNM_759,1
VNM_76,0
VNM_760,1
VNM_761,1
VNM_762,1
VNM_763,1
VNM_764,1
VNM_765,1
VNM_766,0
VNM_767,1
VNM_768,1
VNM_769,1
VNM_77,0
VNM_770,1
VNM_771,1
VNM_772,0
VNM_773,1
VNM_774,1
VNM_775,1
VNM_776,0
VNM_777,1
VNM_778,1
VNM_779,1
VNM_78,0
VNM_780,1
VNM_781,1
VNM_782,1
VNM_783,1
VNM_784,0
VNM_785,1
VNM_786,1
VNM_787,1
VNM_788,1
VNM_789,0
VNM_79,0
VNM_790,1
VNM_791,0
VNM_792,1
VNM_793,1
VNM_794,0
VNM_795,1
VNM_796,1
VNM_797,1
VNM_798,1
VNM_799,1
VNM_8,0
VNM_80,0
VNM_800,1
VNM_801,1
VNM_802,1
VNM_803,1
VNM_804,1
VNM_805,1
VNM_806,1
VNM_807,1
VNM_808,1
VNM_809,1
VNM_81,1
VNM_810,1
VNM_811,1
VNM_812,1
VNM_813,1
VNM_814,1
VNM_815,1
VNM_816,1
VNM_817,1
VNM_818,1
VNM_819,1
VNM_82,0
VNM_820,1
VNM_821,1
VNM_822,0
VNM_823,1
VNM_824,1
VNM_825,1
VNM_826,1
VNM_827,1
VNM_828,1
VNM_829,1
VNM_83,0
VNM_830,1
VNM_831,1
VNM_832,1
VNM_833,1
VNM_834,1
VNM_835,1
VNM_836,1
VNM_837,1
VNM_838,1
VNM_839,1
VNM_84,0
VNM_840,1
VNM_841,1
VNM_842,1
VNM_843,1
VNM_844,1
VNM_845,1
VNM_846,1
VNM_847,1
VNM_848,1
VNM_849,1
VNM_85,0
VNM_850,1
VNM_851,1
VNM_852,1
VNM_853,1
VNM_854,1
VNM_855,0
VNM_856,1
VNM_857,1
VNM_858,1
VNM_859,1
VNM_86,0
VNM_860,1
VNM_861,1
VNM_862,1
VNM_863,1
VNM_864,1
VNM_865,1
VNM_866,1
VNM_867,1
VNM_868,1
VNM_869,1
VNM_87,0
VNM_870,1
VNM_871,1
VNM_872,1
VNM_873,1
VNM_874,1
VNM_875,1
VNM_876,0
VNM_877,1
VNM_878,1
VNM_879,1
VNM_88,0
VNM_880,1
VNM_881,1
VNM_882,1
VNM_883,1
VNM_884,1
VNM_885,1
VNM_886,1
VNM_887,1
VNM_888,1
VNM_889,1
VNM_89,0
VNM_890,1
VNM_891,1
VNM_892,1
VNM_893,1
VNM_894,1
VNM_895,1
VNM_896,1
VNM_897,1
VNM_898,1
VNM_899,1
VNM_9,0
VNM_90,0
VNM_900,1
VNM_901,1
VNM_902,1
VNM_903,1
VNM_904,1
VNM_905,1
VNM_906,1
VNM_907,1
VNM_908,1
VNM_909,1
VNM_91,0
VNM_910,1
VNM_911,1
VNM_912,1
VNM_913,1
VNM_914,1
VNM_915,1
VNM_916,1
VNM_917,1
VNM_918,1
VNM_919,1
VNM_92,0
VNM_920,1
VNM_921,1
VNM_922,1
VNM_923,1
VNM_924,1
VNM_925,1
VNM_926,1
VNM_927,1
VNM_928,1
VNM_929,1
VNM_93,0
VNM_930,1
VNM_931,1
VNM_932,1
VNM_933,1
VNM_934,1
VNM_935,1
VNM_936,1
VNM_937,1
VNM_938,1
VNM_939,1
VNM_94,0
VNM_940,1
VNM_941,1
VNM_942,1
VNM_943,1
VNM_944,1
VNM_945,1
VNM_946,1
VNM_947,1
VNM_948,1
VNM_949,1
VNM_95,0
VNM_950,1
VNM_951,1
VNM_952,1
VNM_953,1
VNM_954,1
VNM_955,1
VNM_956,1
VNM_957,1
VNM_958,1
VNM_959,1
VNM_96,0
VNM_960,1
VNM_961,1
VNM_962,1
VNM_963,1
VNM_964,1
VNM_965,1
VNM_966,1
VNM_967,1
VNM_968,1
VNM_969,1
VNM_97,0
VNM_970,1
VNM_971,1
VNM_972,1
VNM_973,1
VNM_974,1
VNM_975,1
VNM_976,1
VNM_977,1
VNM_978,1
VNM_979,1
VNM_98,0
VNM_99,0
